,precision,recall,f1-score,support
0,0.5553021664766249,0.974,0.7073347857661584,500.0
1,0.8943089430894309,0.22,0.3531300160513644,500.0
accuracy,0.597,0.597,0.597,0.597
macro avg,0.7248055547830279,0.597,0.5302324009087613,1000.0
weighted avg,0.7248055547830279,0.597,0.5302324009087614,1000.0
