{
  "accuracy": 0.545,
  "precision": 0.7368421052631579,
  "recall": 0.14,
  "f1_score": 0.23529411764705885,
  "roc_auc": 0.49475
}